{"cameraMode":{"drawMode":0,"name":"Shaded","section":"Shading Mode"},"sceneLighting":true,"audioPlay":false,"sceneViewState":{"m_AlwaysRefresh":false,"showFog":true,"showSkybox":true,"showFlares":true,"showImageEffects":true,"showParticleSystems":true,"showVisualEffectGraphs":true,"m_FxEnabled":true},"in2DMode":false,"pivot":{"x":2.817598819732666,"y":0.6564521193504334,"z":-6.1519927978515629},"rotation":{"x":0.009594304487109185,"y":0.7034295797348023,"z":-0.7106434106826782,"w":0.009496044367551804},"size":12.507345199584961,"orthographic":false}